<?xml version="1.0" encoding="UTF-8"?>
<project-private xmlns="http://www.netbeans.org/ns/project-private/1">
    <editor-bookmarks xmlns="http://www.netbeans.org/ns/editor-bookmarks/2" lastBookmarkId="0"/>
    <open-files xmlns="http://www.netbeans.org/ns/projectui-open-files/2">
        <group>
            <file>file:/D:/My%20Documents/NetBeansProjects/Dictionary2/src/dictionary2/DictUI.java</file>
            <file>file:/D:/My%20Documents/NetBeansProjects/Dictionary2/src/dictionary2/sortDict.java</file>
            <file>file:/D:/My%20Documents/NetBeansProjects/Dictionary2/src/dictionary2/DictionaryCommandline.java</file>
            <file>file:/D:/My%20Documents/NetBeansProjects/Dictionary2/src/dictionary2/Word.java</file>
            <file>file:/D:/My%20Documents/NetBeansProjects/Dictionary2/src/dictionary2/addFrame.java</file>
            <file>file:/D:/My%20Documents/NetBeansProjects/Dictionary2/src/dictionary2/DictionaryManagement.java</file>
            <file>file:/D:/My%20Documents/NetBeansProjects/Dictionary2/src/dictionary2/Dictionary.java</file>
            <file>file:/D:/My%20Documents/NetBeansProjects/Dictionary2/src/dictionary2/fixFrame.java</file>
        </group>
    </open-files>
</project-private>
